dist_bin,count,mean_abs_err,median_abs_err,max_abs_err,mean_err_pct,median_err_pct
0-10m,1007,0.8702949354518372,0.8039999999999985,3.753,11.60899581260796,10.56970721911003
10-20m,2124,2.364840395480226,1.4529999999999994,23.598,16.166670932475828,11.101932278326384
20-30m,1515,4.20536897689769,2.7340000000000018,47.858000000000004,16.767661412167016,11.563709813162776
30-40m,797,9.879021329987452,6.911999999999999,91.15299999999999,28.200073100023864,19.76423858030624
40-50m,355,15.176969014084506,7.775999999999996,174.46699999999998,34.660761631134974,17.993725724529437
