dist_bin,count,mean_abs_err,median_abs_err,max_abs_err,mean_err_pct,median_err_pct
0-10m,911,0.8389132821075741,0.5389999999999997,13.294,10.399811345519364,6.788348543567949
10-20m,1703,1.933464474456841,1.5429999999999993,17.24,13.413287271773411,11.131537825167758
20-30m,1270,3.143035433070866,2.295,16.817,12.863303523893498,9.767102077914608
30-40m,375,3.222402666666667,2.396000000000001,11.335999999999999,9.598941927832934,7.223800016871475
40-50m,35,6.108942857142858,5.419000000000004,10.725999999999999,14.488386005791781,12.609550629991995
