dist_bin,count,mean_abs_err,median_abs_err,max_abs_err,mean_err_pct,median_err_pct
0-10m,909,0.751096809680968,0.6820000000000004,3.520999999999999,9.538268925177697,8.619796165140794
10-20m,1697,1.625673541543901,1.2599999999999998,9.574,10.9673831555883,9.195247096948421
20-30m,1223,3.787843826655765,2.6580000000000013,15.777000000000001,15.680751671300316,11.141341314106928
30-40m,204,2.7650882352941175,2.2895000000000003,11.376999999999999,8.374219003914,6.730512417581787
40-50m,23,5.794043478260869,5.712000000000003,9.848999999999997,13.239686921522896,13.134711263855948
