dist_bin,count,mean_abs_err,median_abs_err,max_abs_err,mean_err_pct,median_err_pct
0-10m,909,0.7477073707370736,0.6760000000000002,4.280999999999999,9.486256017914712,8.444444444444434
10-20m,1697,1.6436246317030054,1.2690000000000001,10.173,11.072144015877688,9.447451741395167
20-30m,1226,3.822592169657422,2.7639999999999993,14.966999999999999,15.798388203284606,11.406188494283546
30-40m,204,2.921960784313726,2.426499999999997,11.376999999999999,8.84888057838887,7.2751506666801875
40-50m,24,6.022749999999999,6.014999999999997,10.067999999999998,13.798367052658122,13.72978202414517
