dist_bin,count,mean_abs_err,median_abs_err,max_abs_err,mean_err_pct,median_err_pct
0-10m,911,0.7305609220636664,0.6639999999999997,3.244999999999999,9.128327772858766,8.542270379236486
10-20m,1703,1.575172049324721,1.3129999999999988,9.477000000000002,10.804045643171872,9.858416360776088
20-30m,1269,3.4248006304176517,2.5680000000000014,13.512,14.002692347312012,10.849369608493687
30-40m,248,3.2845,2.4959999999999987,11.974,9.972464119647377,7.771395343131763
40-50m,32,6.0445625,6.1875,10.988999999999997,13.858663569801639,14.525271021798417
